name,status,success,date_utc,year
Falcon 9 Block 5 | Transporter 18 (Dedicated SSO Rideshare),Launch Successful,True,2026-10-01 18:32:00+00:00,2026
Falcon 9 Block 5 | Crew-13,Launch Successful,True,2026-10-01 15:10:06+00:00,2026
Falcon 9 Block 5 | USSF-385,Launch Successful,True,2026-09-26 14:00:54+00:00,2026
Falcon 9 Block 5 | Starlink Group 15-27,Launch Successful,True,2026-09-20 01:47:00+00:00,2026
Falcon 9 Block 5 | USSF-259,Launch Successful,True,2026-09-17 01:07:56+00:00,2026
Falcon 9 Block 5 | O3b mPower 11-13,Launch Successful,True,2026-09-13 18:49:00+00:00,2026
Falcon 9 Block 5 | USSF-153,Launch Successful,True,2026-09-10 15:42:30+00:00,2026
Falcon 9 Block 5 | Starlink Group 15-24,Launch Successful,True,2026-09-06 14:26:54+00:00,2026
Falcon 9 Block 5 | Starlink Group 15-23,Launch Successful,True,2026-09-02 08:42:12+00:00,2026
Falcon 9 Block 5 | Starlink Group 15-22,Launch Successful,True,2026-08-26 09:35:11+00:00,2026
Falcon 9 Block 5 | Starlink Group 10-49,Launch Successful,True,2026-08-25 09:33:38+00:00,2026
Falcon 9 Block 5 | Starlink Group 15-20,Launch Successful,True,2026-08-22 07:25:16+00:00,2026
Falcon 9 Block 5 | Starlink Group 10-39,Launch Successful,True,2026-08-21 15:14:22+00:00,2026
Falcon 9 Block 5 | Starlink Group 17-50,Launch Successful,True,2026-08-19 04:01:07+00:00,2026
Falcon 9 Block 5 | USSF-366,Launch Successful,True,2026-08-16 01:50:45+00:00,2026
Falcon 9 Block 5 | Globalstar 2-R Mission 1 (x 8),Launch Successful,True,2026-08-16 01:12:14+00:00,2026
Falcon 9 Block 5 | Starlink Group 17-49,Launch Successful,True,2026-08-12 04:46:47+00:00,2026
Falcon 9 Block 5 | Starlink Group 10-19,Launch Successful,True,2026-08-11 15:58:26+00:00,2026
Falcon 9 Block 5 | Starlink Group 17-38,Launch Successful,True,2026-08-08 16:35:02+00:00,2026
Falcon 9 Block 5 | BlueBird 11-13 (Block 2 #6-8),Launch Successful,True,2026-08-05 07:49:00+00:00,2026
Falcon 9 Block 5 | Starlink Group 17-53,Launch Successful,True,2026-08-04 17:05:03+00:00,2026
Falcon 9 Block 5 | Starlink Group 17-52,Launch Successful,True,2026-08-01 03:08:43+00:00,2026
Falcon 9 Block 5 | NROL-95,Launch Successful,True,2026-07-30 07:10:19+00:00,2026
Falcon 9 Block 5 | Starlink Group 17-51,Launch Successful,True,2026-07-25 15:51:55+00:00,2026
Falcon 9 Block 5 | MRV-1,Launch Successful,True,2026-07-21 21:15:00+00:00,2026
Falcon 9 Block 5 | Starlink Group 17-39,Launch Successful,True,2026-07-21 14:49:34+00:00,2026
Falcon 9 Block 5 | SDA Tranche 1 Transport Layer E,Launch Successful,True,2026-07-16 20:32:36+00:00,2026
Falcon 9 Block 5 | Starlink Group 10-45,Launch Successful,True,2026-07-14 09:10:12+00:00,2026
Falcon 9 Block 5 | Starlink Group 15-14,Launch Successful,True,2026-07-14 01:28:17+00:00,2026
Falcon 9 Block 5 | Starlink Group 17-48,Launch Successful,True,2026-07-11 03:01:57+00:00,2026
Falcon 9 Block 5 | Starlink Group 10-42,Launch Successful,True,2026-07-09 09:25:43+00:00,2026
Falcon 9 Block 5 | Transporter 17 (Dedicated SSO Rideshare),Launch Successful,True,2026-07-07 07:12:00+00:00,2026
Falcon 9 Block 5 | Starlink Group 10-50,Launch Successful,True,2026-07-05 10:50:00+00:00,2026
Falcon 9 Block 5 | Starlink Group 17-46,Launch Successful,True,2026-07-02 02:58:19+00:00,2026
Falcon 9 Block 5 | Sirius SXM-11,Launch Successful,True,2026-06-29 02:25:00+00:00,2026
Falcon 9 Block 5 | Starlink Group 17-40,Launch Successful,True,2026-06-28 16:09:18+00:00,2026
Falcon 9 Block 5 | Starlink Group 17-45,Launch Successful,True,2026-06-25 03:30:38+00:00,2026
Falcon 9 Block 5 | Project Starfall Demonstration Mission,Launch Successful,True,2026-06-23 10:53:00+00:00,2026
Falcon 9 Block 5 | Starlink Group 17-28,Launch Successful,True,2026-06-21 16:39:06+00:00,2026
Falcon 9 Block 5 | NROL-179,Launch Successful,True,2026-06-19 08:50:45+00:00,2026
Falcon 9 Block 5 | BlueBird 8-10 (Block 2 #3-5),Launch Successful,True,2026-06-17 06:39:00+00:00,2026
Falcon 9 Block 5 | Starlink Group 17-54,Launch Successful,True,2026-06-15 15:34:35+00:00,2026
Falcon 9 Block 5 | Starlink Group 10-54,Launch Successful,True,2026-06-12 12:37:00+00:00,2026
Falcon 9 Block 5 | Starlink Group 17-44,Launch Successful,True,2026-06-11 15:05:59+00:00,2026
Falcon 9 Block 5 | Starlink Group 10-35,Launch Successful,True,2026-06-08 10:13:50+00:00,2026
Falcon 9 Block 5 | Starlink Group 17-43,Launch Successful,True,2026-06-07 04:24:45+00:00,2026
Falcon 9 Block 5 | Starlink Group 10-43,Launch Successful,True,2026-06-04 10:26:30+00:00,2026
Falcon 9 Block 5 | Starlink Group 17-47,Launch Successful,True,2026-06-03 15:40:39+00:00,2026
Falcon 9 Block 5 | Starlink Group 17-41,Launch Successful,True,2026-05-30 15:25:10+00:00,2026
Falcon 9 Block 5 | Starlink Group 10-53,Launch Successful,True,2026-05-29 12:57:15+00:00,2026
Falcon 9 Block 5 | Starlink Group 17-37,Launch Successful,True,2026-05-26 14:50:34+00:00,2026
Falcon 9 Block 5 | Starlink Group 10-47,Launch Successful,True,2026-05-25 11:48:04+00:00,2026
Falcon 9 Block 5 | Starlink Group 10-31,Launch Successful,True,2026-05-21 10:04:20+00:00,2026
Falcon 9 Block 5 | Starlink Group 17-42,Launch Successful,True,2026-05-20 02:46:19+00:00,2026
Falcon 9 Block 5 | Dragon CRS-2 SpX-34,Launch Successful,True,2026-05-15 22:05:41+00:00,2026
Falcon 9 Block 5 | NROL-172,Launch Successful,True,2026-05-12 02:13:50+00:00,2026
Falcon 9 Block 5 | Starlink Group 17-29,Launch Successful,True,2026-05-06 03:59:19+00:00,2026
Falcon 9 Block 5 | CAS500-2 & Others,Launch Successful,True,2026-05-03 07:00:00+00:00,2026
Falcon 9 Block 5 | Starlink Group 10-38,Launch Successful,True,2026-05-01 18:06:10+00:00,2026
Falcon 9 Block 5 | Starlink Group 17-36,Launch Successful,True,2026-04-30 02:42:49+00:00,2026
Falcon 9 Block 5 | Starlink Group 17-16,Launch Successful,True,2026-04-26 14:37:09+00:00,2026
Falcon 9 Block 5 | Starlink Group 17-14,Launch Successful,True,2026-04-23 03:23:09+00:00,2026
Falcon 9 Block 5 | GPS III SV10,Launch Successful,True,2026-04-21 06:53:25+00:00,2026
Falcon 9 Block 5 | Starlink Group 17-22,Launch Successful,True,2026-04-19 16:03:09+00:00,2026
Falcon 9 Block 5 | Starlink Group 17-27,Launch Successful,True,2026-04-15 04:29:49+00:00,2026
Falcon 9 Block 5 | Starlink Group 10-24,Launch Successful,True,2026-04-14 09:33:10+00:00,2026
Falcon 9 Block 5 | Cygnus CRS-2 NG-24 (S.S. Steven R. Nagel),Launch Successful,True,2026-04-11 11:41:21+00:00,2026
Falcon 9 Block 5 | Starlink Group 17-21,Launch Successful,True,2026-04-11 05:04:19+00:00,2026
Falcon 9 Block 5 | Starlink Group 17-35,Launch Successful,True,2026-04-07 02:50:39+00:00,2026
Falcon 9 Block 5 | Starlink Group 10-58,Launch Successful,True,2026-04-02 11:55:10+00:00,2026
Falcon 9 Block 5 | Starlink Group 10-44,Launch Successful,True,2026-03-30 21:15:00+00:00,2026
Falcon 9 Block 5 | Transporter 16 (Dedicated SSO Rideshare),Launch Successful,True,2026-03-30 11:02:00+00:00,2026
Falcon 9 Block 5 | Starlink Group 17-17,Launch Successful,True,2026-03-26 23:03:19+00:00,2026
Falcon 9 Block 5 | Starlink Group 10-62,Launch Successful,True,2026-03-22 14:47:00+00:00,2026
Falcon 9 Block 5 | Starlink Group 17-15,Launch Successful,True,2026-03-20 21:51:49+00:00,2026
Falcon 9 Block 5 | Starlink Group 10-33,Launch Successful,True,2026-03-19 14:20:10+00:00,2026
Falcon 9 Block 5 | Starlink Group 10-46,Launch Successful,True,2026-03-17 13:27:34+00:00,2026
Falcon 9 Block 5 | Starlink Group 17-24,Launch Successful,True,2026-03-17 05:19:09+00:00,2026
Falcon 9 Block 5 | Starlink Group 10-48,Launch Successful,True,2026-03-14 12:37:10+00:00,2026
Falcon 9 Block 5 | Starlink Group 17-31,Launch Successful,True,2026-03-13 14:57:59+00:00,2026
Falcon 9 Block 5 | EchoStar 25,Launch Successful,True,2026-03-10 04:19:00+00:00,2026
Falcon 9 Block 5 | Starlink Group 17-18,Launch Successful,True,2026-03-08 11:00:19+00:00,2026
Falcon 9 Block 5 | Starlink Group 10-40,Launch Successful,True,2026-03-04 10:52:20+00:00,2026
Falcon 9 Block 5 | Starlink Group 10-41,Launch Successful,True,2026-03-02 02:56:40+00:00,2026
Falcon 9 Block 5 | Starlink Group 17-23,Launch Successful,True,2026-03-01 10:10:39+00:00,2026
Falcon 9 Block 5 | Starlink Group 6-108,Launch Successful,True,2026-02-27 12:16:10+00:00,2026
Falcon 9 Block 5 | Starlink Group 17-26,Launch Successful,True,2026-02-25 14:17:49+00:00,2026
Falcon 9 Block 5 | Starlink Group 6-110,Launch Successful,True,2026-02-24 23:04:10+00:00,2026
Falcon 9 Block 5 | Starlink Group 6-104,Launch Successful,True,2026-02-22 03:47:10+00:00,2026
Falcon 9 Block 5 | Starlink Group 17-25,Launch Successful,True,2026-02-21 09:04:19+00:00,2026
Falcon 9 Block 5 | Starlink Group 10-36,Launch Successful,True,2026-02-20 01:41:40+00:00,2026
Falcon 9 Block 5 | Starlink Group 6-103,Launch Successful,True,2026-02-16 07:59:40+00:00,2026
Falcon 9 Block 5 | Starlink Group 17-13,Launch Successful,True,2026-02-15 01:59:59+00:00,2026
Falcon 9 Block 5 | Crew-12,Launch Successful,True,2026-02-13 10:15:56+00:00,2026
